City_ID,City,Country,Date,Lat,Lng,Max Temp,Humidity,Cloudiness,Wind Speed
0,Marrakesh,MA,2022-05-05 18:18:56,31.6315,-8.0083,84.27,20,20,9.22
1,Tukrah,LY,2022-05-05 18:18:57,32.5341,20.5791,66.45,52,0,14.38
2,Kodiak,US,2022-05-05 18:18:23,57.79,-152.4072,42.31,81,100,12.66
3,Murray Bridge,AU,2022-05-05 18:18:58,-35.1167,139.2667,50.13,82,47,8.72
4,Buchanan,LR,2022-05-05 18:18:59,5.8808,-10.0467,81.21,82,86,16.42
5,Safford,US,2022-05-05 18:18:59,32.834,-109.7076,81.1,11,0,3.44
6,Esperance,AU,2022-05-05 18:19:01,-33.8667,121.9,53.38,78,24,8.66
7,Waipawa,NZ,2022-05-05 18:19:01,-41.4122,175.5153,50.05,92,7,4.59
8,Rocha,UY,2022-05-05 18:19:02,-34.4833,-54.3333,67.77,55,41,5.39
9,Kharakvasla,IN,2022-05-05 18:19:03,18.4333,73.7667,80.31,54,0,4.79
10,Koslan,RU,2022-05-05 18:19:04,63.4564,48.8989,26.6,86,81,4.0
11,Albany,US,2022-05-05 18:17:49,42.6001,-73.9662,65.91,45,71,1.01
12,Hilo,US,2022-05-05 18:19:05,19.7297,-155.09,77.29,96,100,3.44
13,Punta Arenas,CL,2022-05-05 18:19:06,-53.15,-70.9167,50.11,57,75,29.93
14,Saint-Philippe,RE,2022-05-05 18:19:06,-21.3585,55.7679,76.59,87,69,16.55
15,Jamestown,US,2022-05-05 18:14:22,42.097,-79.2353,63.52,58,0,9.22
16,Rikitea,PF,2022-05-05 18:17:27,-23.1203,-134.9692,78.24,85,38,14.63
17,Souillac,MU,2022-05-05 18:19:08,-20.5167,57.5167,77.38,83,75,19.57
18,Faanui,PF,2022-05-05 18:19:11,-16.4833,-151.75,81.18,74,31,7.81
19,Constitucion,CL,2022-05-05 18:19:12,-35.3333,-72.4167,61.12,75,99,6.51
20,Cabo San Lucas,MX,2022-05-05 18:16:48,22.8909,-109.9124,82.62,54,0,3.44
21,Tura,IN,2022-05-05 18:19:13,25.5198,90.2201,69.66,90,4,4.14
22,Arraial Do Cabo,BR,2022-05-05 18:19:14,-22.9661,-42.0278,78.76,61,40,12.66
23,Georgetown,MY,2022-05-05 18:18:43,5.4112,100.3354,82.33,88,20,3.44
24,Port Alfred,ZA,2022-05-05 18:19:15,-33.5906,26.891,71.55,62,2,5.01
25,Kizner,RU,2022-05-05 18:19:16,56.2749,51.508,32.77,78,62,8.99
26,Lensk,RU,2022-05-05 18:19:16,60.7253,114.9278,32.02,90,85,7.7
27,Geraldton,AU,2022-05-05 18:19:17,-28.7667,114.6,61.21,41,0,13.8
28,Mount Isa,AU,2022-05-05 18:19:17,-20.7333,139.5,58.77,41,99,14.97
29,Lamar,US,2022-05-05 18:15:21,33.6668,-95.5836,71.98,94,100,19.57
30,Camacha,PT,2022-05-05 18:19:18,33.0833,-16.3333,62.02,72,40,14.97
31,Kargasok,RU,2022-05-05 18:19:19,59.0556,80.8572,47.59,62,88,7.92
32,Upernavik,GL,2022-05-05 18:19:19,72.7868,-56.1549,14.92,77,20,7.67
33,Chokurdakh,RU,2022-05-05 18:19:20,70.6333,147.9167,16.5,96,99,7.09
34,Hobart,AU,2022-05-05 18:18:07,-42.8794,147.3294,57.06,95,100,23.02
35,New Norfolk,AU,2022-05-05 18:19:22,-42.7826,147.0587,56.7,85,100,5.99
36,Novovarshavka,RU,2022-05-05 18:19:23,54.1721,74.6946,57.54,47,85,5.93
37,Sao Filipe,CV,2022-05-05 18:19:24,14.8961,-24.4956,73.81,77,16,6.71
38,Fullerton,US,2022-05-05 18:14:35,33.8703,-117.9253,83.23,61,0,4.61
39,Shache,CN,2022-05-05 18:19:25,38.4167,77.2406,76.48,23,100,13.47
40,Bethel,US,2022-05-05 18:19:26,41.3712,-73.414,72.18,37,0,8.05
41,Namatanai,PG,2022-05-05 18:19:27,-3.6667,152.4333,79.48,81,100,8.12
42,Qaanaaq,GL,2022-05-05 18:15:20,77.484,-69.3632,19.36,78,36,6.8
43,Archidona,ES,2022-05-05 18:19:27,37.0965,-4.3887,61.41,59,40,4.9
44,Ballina,AU,2022-05-05 18:19:29,-28.8667,153.5667,69.01,99,100,6.02
45,Cidreira,BR,2022-05-05 18:19:30,-30.1811,-50.2056,67.59,66,94,10.04
46,Ponta Do Sol,PT,2022-05-05 18:20:33,32.6667,-17.1,69.71,66,16,5.3
47,Dalby,AU,2022-05-05 18:20:34,-27.1833,151.2667,64.58,88,100,5.35
48,Guerrero Negro,MX,2022-05-05 18:20:35,27.9769,-114.0611,69.73,60,4,10.8
49,Namtsy,RU,2022-05-05 18:20:35,62.7161,129.6658,26.01,79,100,12.28
50,Yellowknife,CA,2022-05-05 18:20:36,62.456,-114.3525,48.72,61,20,8.05
51,Rawson,AR,2022-05-05 18:20:37,-43.3002,-65.1023,65.68,37,30,6.29
52,Castro,BR,2022-05-05 18:20:39,-24.7911,-50.0119,69.42,56,26,2.19
53,Iqaluit,CA,2022-05-05 18:20:40,63.7506,-68.5145,20.93,62,0,16.11
54,Sur,OM,2022-05-05 18:20:41,22.5667,59.5289,82.13,64,0,5.44
55,Ust-Nera,RU,2022-05-05 18:20:41,64.5667,143.2,24.4,95,100,5.5
56,Mataura,NZ,2022-05-05 18:20:42,-46.1927,168.8643,52.48,90,80,2.95
57,Mahenge,TZ,2022-05-05 18:20:42,-8.6833,36.7167,62.17,93,46,2.39
58,Puerto Ayora,EC,2022-05-05 18:20:43,-0.7393,-90.3518,76.96,87,97,7.25
59,Khatanga,RU,2022-05-05 18:20:43,71.9667,102.5,30.4,98,100,10.31
60,Ushirombo,TZ,2022-05-05 18:18:08,-3.4919,31.9639,68.45,83,100,2.77
61,Gedo,ET,2022-05-05 18:20:44,9.0167,37.45,60.91,30,57,6.4
62,Chuy,UY,2022-05-05 18:20:45,-33.6971,-53.4616,67.26,55,22,4.34
63,Boueni,YT,2022-05-05 18:20:45,-12.9025,45.0761,80.58,67,65,10.83
64,Tasiilaq,GL,2022-05-05 18:20:46,65.6145,-37.6368,28.56,63,2,2.95
65,Porto Novo,BJ,2022-05-05 18:20:46,6.4965,2.6036,82.22,76,85,7.76
66,Busselton,AU,2022-05-05 18:20:47,-33.65,115.3333,55.56,58,0,15.19
67,Saint-Augustin,CA,2022-05-05 18:20:47,51.226,-58.6502,47.01,53,65,9.48
68,Touros,BR,2022-05-05 18:20:48,-5.1989,-35.4608,77.32,91,96,14.81
69,Nanortalik,GL,2022-05-05 18:20:49,60.1432,-45.2371,34.27,73,100,9.08
70,Riohacha,CO,2022-05-05 18:20:50,11.5444,-72.9072,91.15,55,100,10.74
71,Ushuaia,AR,2022-05-05 18:20:47,-54.8,-68.3,49.66,46,40,18.41
72,San Patricio,US,2022-05-05 18:20:52,28.017,-97.5169,86.88,60,39,19.6
73,Sturgeon Bay,US,2022-05-05 18:20:54,44.8342,-87.377,58.96,51,0,6.91
74,Belyy Yar,RU,2022-05-05 18:20:55,53.6039,91.3903,39.09,48,37,2.24
75,Bluff,NZ,2022-05-05 18:20:55,-46.6,168.3333,52.81,87,41,5.66
76,Emba,KZ,2022-05-05 18:20:56,48.8264,58.1442,56.19,49,45,8.05
77,Singleton,AU,2022-05-05 18:20:56,-32.5667,151.1833,56.98,78,80,4.0
78,Hendala,LK,2022-05-05 18:20:57,6.9909,79.883,80.69,87,83,8.59
79,Codrington,AU,2022-05-05 18:20:57,-38.2667,141.9667,48.81,86,99,2.68
80,Hovd,MN,2022-05-05 18:20:59,48.0056,91.6419,52.18,27,89,2.91
81,Calabozo,VE,2022-05-05 18:20:59,8.9242,-67.4293,90.57,46,97,10.45
82,Nhulunbuy,AU,2022-05-05 18:21:01,-12.2333,136.7667,79.41,83,75,8.05
83,Barzas,RU,2022-05-05 18:21:01,55.7167,86.3167,42.31,57,80,1.99
84,Fairbanks,US,2022-05-05 18:17:21,64.8378,-147.7164,46.6,62,40,1.01
85,Mangrol,IN,2022-05-05 18:21:02,21.1167,70.1167,81.66,81,0,11.83
86,Saldanha,ZA,2022-05-05 18:21:03,-33.0117,17.9442,57.25,96,24,7.11
87,Los Llanos De Aridane,ES,2022-05-05 18:21:04,28.6585,-17.9182,64.15,81,75,10.36
88,Huarmey,PE,2022-05-05 18:21:04,-10.0681,-78.1522,71.83,74,16,10.0
89,Nikolskoye,RU,2022-05-05 18:21:06,59.7035,30.7861,49.8,56,100,5.1
90,Cap Malheureux,MU,2022-05-05 18:21:09,-19.9842,57.6142,75.47,80,22,8.99
91,Kapaa,US,2022-05-05 18:21:09,22.0752,-159.319,77.32,80,40,16.11
92,Gibara,CU,2022-05-05 18:22:11,21.1097,-76.1317,88.92,65,24,10.67
93,Rock Sound,BS,2022-05-05 18:22:12,24.9,-76.2,77.77,74,0,5.64
94,Carnarvon,AU,2022-05-05 18:22:12,-24.8667,113.6333,64.47,52,13,6.91
95,Hithadhoo,MV,2022-05-05 18:22:14,-0.6,73.0833,83.84,74,100,17.11
96,Asfi,MA,2022-05-05 18:22:14,32.2994,-9.2372,69.21,61,0,27.49
97,Kruisfontein,ZA,2022-05-05 18:22:15,-34.0033,24.7314,62.6,67,11,1.92
98,Kaitangata,NZ,2022-05-05 18:22:17,-46.2817,169.8464,53.74,81,73,4.29
99,Vaini,TO,2022-05-05 18:22:18,-21.2,-175.2,69.96,94,20,1.14
100,Gunjur,GM,2022-05-05 18:22:18,13.2019,-16.7339,87.87,45,0,13.8
101,Comodoro Rivadavia,AR,2022-05-05 18:22:19,-45.8667,-67.5,62.46,25,0,5.75
102,Hermanus,ZA,2022-05-05 18:22:20,-34.4187,19.2345,59.81,92,13,8.86
103,Port Lincoln,AU,2022-05-05 18:22:20,-34.7333,135.8667,56.48,57,80,13.13
104,Moranbah,AU,2022-05-05 18:22:21,-22.0016,148.0466,70.25,78,43,4.25
105,Kardonikskaya,RU,2022-05-05 18:22:22,43.8617,41.7194,42.21,97,100,2.82
106,Barahona,DO,2022-05-05 18:22:22,18.2085,-71.1008,85.82,74,40,16.11
107,Lompoc,US,2022-05-05 18:22:23,34.6391,-120.4579,68.14,86,100,5.75
108,Olafsvik,IS,2022-05-05 18:22:24,64.8945,-23.7142,37.65,77,100,7.83
109,Leningradskiy,RU,2022-05-05 18:22:25,69.3833,178.4167,8.8,96,65,4.41
110,Port Elizabeth,ZA,2022-05-05 18:22:26,-33.918,25.5701,61.09,88,0,2.3
111,Poum,NC,2022-05-05 18:22:26,-20.2333,164.0167,77.32,79,11,5.35
112,Batagay,RU,2022-05-05 18:22:29,67.6333,134.6333,22.84,97,100,3.29
113,Haapiti,PF,2022-05-05 18:22:29,-17.5667,-149.8667,80.33,78,66,11.41
114,Pangnirtung,CA,2022-05-05 18:22:31,66.1451,-65.7125,14.0,79,20,6.91
115,Cape Town,ZA,2022-05-05 18:22:32,-33.9258,18.4232,60.12,89,20,5.75
116,Camapua,BR,2022-05-05 18:22:32,-19.5314,-54.0439,79.79,37,0,2.48
117,Saint George,US,2022-05-05 18:21:41,37.1041,-113.5841,79.63,20,0,6.91
118,Yeniseysk,RU,2022-05-05 18:22:33,58.4497,92.1703,39.78,68,99,4.92
119,Otjimbingwe,NA,2022-05-05 18:22:34,-22.35,16.1333,70.57,24,0,3.96
120,Aykhal,RU,2022-05-05 18:22:34,66.0,111.5,31.17,97,99,14.88
121,Kolokani,ML,2022-05-05 18:22:35,13.5728,-8.0339,102.47,11,31,10.71
122,Butaritari,KI,2022-05-05 18:22:35,3.0707,172.7902,81.86,68,79,17.4
123,Suntar,RU,2022-05-05 18:22:36,62.1444,117.6319,31.57,95,53,8.28
124,Luzhou,CN,2022-05-05 18:22:00,28.8724,105.4405,72.59,74,99,1.36
125,Longyearbyen,SJ,2022-05-05 18:22:37,78.2186,15.6401,22.84,68,75,5.75
126,Shenkursk,RU,2022-05-05 18:22:37,62.1091,42.896,32.95,73,84,4.79
127,Barrow,US,2022-05-05 18:22:38,71.2906,-156.7887,12.22,85,100,12.66
128,Wahpeton,US,2022-05-05 18:22:38,46.2652,-96.6059,65.12,63,100,11.5
129,Laurel,US,2022-05-05 18:21:24,39.0993,-76.8483,68.25,70,100,6.91
130,Namie,JP,2022-05-05 18:22:39,37.4833,141.0,52.56,78,1,4.07
131,East London,ZA,2022-05-05 18:22:43,-33.0153,27.9116,72.54,78,0,5.75
132,Roebourne,AU,2022-05-05 18:22:44,-20.7833,117.1333,76.32,36,0,16.08
133,Meulaboh,ID,2022-05-05 18:22:45,4.1363,96.1285,77.0,91,100,2.98
134,Bubaque,GW,2022-05-05 18:22:45,11.2833,-15.8333,78.6,71,7,16.73
135,Yerofey Pavlovich,RU,2022-05-05 18:22:47,53.9667,121.9667,30.43,64,99,4.61
136,Galveston,US,2022-05-05 18:22:47,29.3669,-94.9669,87.06,78,100,21.85
137,Katsuura,JP,2022-05-05 18:20:26,35.1333,140.3,63.52,82,100,7.94
138,Abengourou,CI,2022-05-05 18:22:48,6.7297,-3.4964,81.75,69,87,1.52
139,Itaituba,BR,2022-05-05 18:23:49,-4.2761,-55.9836,93.36,55,40,8.05
140,Zhangye,CN,2022-05-05 18:23:49,38.9342,100.4517,66.99,31,83,7.36
141,Whitehorse,CA,2022-05-05 18:23:51,60.7161,-135.0538,45.01,46,40,8.05
142,Talnakh,RU,2022-05-05 18:23:53,69.4865,88.3972,16.21,96,96,6.4
143,Rio Gallegos,AR,2022-05-05 18:23:54,-51.6226,-69.2181,51.82,52,84,17.4
144,Fukue,JP,2022-05-05 18:23:55,32.6881,128.8419,66.29,77,85,7.05
145,Izumo,JP,2022-05-05 18:23:55,35.3667,132.7667,57.15,71,73,5.84
146,Salalah,OM,2022-05-05 18:23:56,17.0151,54.0924,84.29,84,40,3.44
147,Nantucket,US,2022-05-05 18:23:56,41.2835,-70.0995,62.74,55,0,13.8
148,Atuona,PF,2022-05-05 18:23:58,-9.8,-139.0333,78.49,75,83,14.76
149,Mogadishu,SO,2022-05-05 18:23:58,2.0371,45.3438,82.71,77,57,15.61
150,Jiaohe,CN,2022-05-05 18:23:59,43.7286,127.3447,55.11,65,100,12.88
151,Ancud,CL,2022-05-05 18:23:59,-41.8697,-73.8203,53.91,93,100,14.58
152,Urumqi,CN,2022-05-05 18:23:04,43.801,87.6005,67.15,56,0,13.42
153,Sao Raimundo Nonato,BR,2022-05-05 18:24:01,-9.0153,-42.6994,97.36,24,24,10.02
154,Najran,SA,2022-05-05 18:24:01,17.4924,44.1277,84.85,14,2,8.08
155,Zlobin,HR,2022-05-05 18:24:02,45.2924,14.6541,55.17,66,0,3.44
156,Labuhan,ID,2022-05-05 18:24:02,-6.8844,112.2051,79.21,83,38,4.74
157,Tilichiki,RU,2022-05-05 18:24:03,60.4667,166.1,23.88,90,85,6.29
158,Kavieng,PG,2022-05-05 18:24:03,-2.5744,150.7967,82.83,77,99,12.15
159,Presidencia Roque Saenz Pena,AR,2022-05-05 18:24:04,-26.7852,-60.4388,77.09,47,14,6.13
160,Thunder Bay,CA,2022-05-05 18:20:34,48.4001,-89.3168,51.71,43,20,11.5
161,Pattani,TH,2022-05-05 18:23:17,6.75,100.4167,76.71,96,100,1.66
162,Mar Del Plata,AR,2022-05-05 18:24:05,-38.0023,-57.5575,70.88,57,0,16.11
163,Mananara,MG,2022-05-05 18:24:06,-16.1667,49.7667,72.59,93,22,5.82
164,Ndele,CF,2022-05-05 18:24:07,8.4109,20.6473,72.3,85,96,11.77
165,Mbandaka,CD,2022-05-05 18:24:08,0.0487,18.2603,70.29,96,91,5.79
166,Haines Junction,CA,2022-05-05 18:24:09,60.7522,-137.5108,44.55,42,96,6.91
167,Shunyi,CN,2022-05-05 18:24:10,40.125,116.6453,71.55,49,0,6.71
168,Kosonsoy,UZ,2022-05-05 18:24:11,41.2561,71.5508,63.16,64,22,6.73
169,Ipixuna,BR,2022-05-05 18:24:11,-1.7625,-48.8043,81.27,91,45,3.91
170,Humboldt,US,2022-05-05 18:24:12,40.6665,-123.9178,45.68,96,100,7.02
171,Plyussa,RU,2022-05-05 18:24:13,58.4308,29.3654,43.65,55,95,5.79
172,Diego De Almagro,CL,2022-05-05 18:24:17,-26.3667,-70.05,76.59,24,87,8.3
173,Magole,TZ,2022-05-05 18:24:20,-6.3667,37.3667,69.46,95,54,1.63
174,Lamu,KE,2022-05-05 18:24:20,-2.2717,40.902,80.82,82,51,14.5
175,Binzhou,CN,2022-05-05 18:24:21,37.3667,118.0167,71.49,38,99,8.61
176,Bengkulu,ID,2022-05-05 18:24:21,-3.8004,102.2655,76.39,88,100,4.85
177,Bangkalan,ID,2022-05-05 18:22:53,-7.0455,112.7351,82.35,84,59,3.27
178,Paita,PE,2022-05-05 18:24:22,-5.0892,-81.1144,71.98,70,94,10.63
179,Hasaki,JP,2022-05-05 18:24:23,35.7333,140.8333,59.4,81,100,10.92
180,Lianga,PH,2022-05-05 18:24:24,8.6336,126.0947,74.34,96,83,1.52
181,Dikson,RU,2022-05-05 18:24:24,73.5069,80.5464,15.93,98,99,5.01
182,Lengshuijiang,CN,2022-05-05 18:24:27,27.6881,111.4294,68.72,68,61,1.43
183,Almaznyy,RU,2022-05-05 18:24:28,48.0448,40.045,50.58,47,100,14.56
184,Alofi,NU,2022-05-05 18:25:29,-19.0595,-169.9187,73.29,88,22,5.75
185,Ayolas,PY,2022-05-05 18:25:30,-27.4,-56.9,73.54,64,10,3.56
186,Provideniya,RU,2022-05-05 18:25:31,64.3833,-173.3,26.51,87,60,3.15
187,Iquique,CL,2022-05-05 18:25:33,-20.2208,-70.1431,66.24,71,13,6.55
188,Toyooka,JP,2022-05-05 18:25:34,35.5333,134.8333,57.22,91,100,7.11
189,Sitka,US,2022-05-05 18:25:35,57.0531,-135.33,44.49,76,75,3.44
190,Thompson,CA,2022-05-05 18:25:36,55.7435,-97.8558,37.56,65,100,10.36
191,Dandong,CN,2022-05-05 18:25:37,40.1292,124.3947,52.5,86,99,8.75
192,Muroto,JP,2022-05-05 18:25:37,33.2833,134.15,66.24,76,100,7.58
193,Phalodi,IN,2022-05-05 18:25:38,27.1333,72.3667,93.16,20,57,10.27
194,Marawi,PH,2022-05-05 18:25:40,7.9986,124.2928,69.31,94,79,1.36
195,Lorengau,PG,2022-05-05 18:25:40,-2.0226,147.2712,80.85,82,61,4.7
196,Saskylakh,RU,2022-05-05 18:25:41,71.9167,114.0833,18.48,95,64,8.63
197,Ayan,RU,2022-05-05 18:25:42,56.45,138.1667,28.9,89,100,2.26
198,Bandarbeyla,SO,2022-05-05 18:25:43,9.4942,50.8122,82.72,83,24,8.12
199,Burgos,ES,2022-05-05 18:25:43,42.3394,-3.7079,59.41,63,20,14.97
200,Husavik,IS,2022-05-05 18:25:45,66.0449,-17.3389,39.15,77,73,9.46
201,Naze,JP,2022-05-05 18:24:30,28.3667,129.4833,67.12,90,100,14.29
202,Port-Gentil,GA,2022-05-05 18:25:47,-0.7193,8.7815,84.16,79,20,9.22
203,Luderitz,NA,2022-05-05 18:25:47,-26.6481,15.1594,66.85,54,0,7.25
204,Dwarka,IN,2022-05-05 18:25:48,22.2394,68.9678,82.74,73,0,11.27
205,Waterloo,CA,2022-05-05 18:22:33,43.4668,-80.5164,62.6,47,40,5.01
206,Svetlogorsk,BY,2022-05-05 18:25:48,52.6333,29.7333,45.3,58,80,4.16
207,Lavrentiya,RU,2022-05-05 18:25:51,65.5833,-171.0,14.77,90,40,4.38
208,Sambava,MG,2022-05-05 18:25:51,-14.2667,50.1667,76.17,83,15,14.03
209,Wajir,KE,2022-05-05 18:25:53,1.7471,40.0573,85.96,62,0,0.0
210,Fiumicino,IT,2022-05-05 18:25:54,41.7675,12.2291,66.65,71,0,6.91
211,Ahuimanu,US,2022-05-05 18:25:55,21.4447,-157.8378,74.86,80,75,14.97
212,Sabla,NG,2022-05-05 18:25:56,12.7525,4.7077,86.23,48,95,18.19
213,Baft,IR,2022-05-05 18:25:57,29.234,56.6057,66.49,19,58,10.8
214,Lagoa,PT,2022-05-05 18:25:57,39.05,-27.9833,61.88,85,100,26.46
215,Torbay,CA,2022-05-05 18:24:56,47.6666,-52.7314,48.58,73,100,17.27
216,Avarua,CK,2022-05-05 18:23:05,-21.2078,-159.775,75.25,94,97,3.44
217,Edgemere,US,2022-05-05 18:25:59,39.2421,-76.448,68.97,67,100,4.61
218,Clyde River,CA,2022-05-05 18:26:00,70.4692,-68.5914,26.83,74,0,10.36
219,Sovetskiy,RU,2022-05-05 18:26:00,61.3614,63.5842,31.78,96,100,10.74
220,Gaozhou,CN,2022-05-05 18:26:01,21.9392,110.8461,70.99,88,4,0.81
221,Langsa,ID,2022-05-05 18:26:01,4.4683,97.9683,75.67,98,100,2.35
222,Gornopravdinsk,RU,2022-05-05 18:26:02,60.05,69.9,40.77,87,100,7.83
223,Petropavlovsk-Kamchatskiy,RU,2022-05-05 18:26:03,53.0452,158.6483,27.19,100,0,4.47
224,Bredasdorp,ZA,2022-05-05 18:26:03,-34.5322,20.0403,59.67,88,6,6.62
225,Santa Rosa,PH,2022-05-05 18:24:57,14.3122,121.1114,84.18,73,13,6.55
226,Mingshui,CN,2022-05-05 18:26:08,36.7167,117.5,71.24,43,68,17.76
227,Lyantonde,UG,2022-05-05 18:26:08,-0.4031,31.1572,64.26,95,93,3.24
228,Thinadhoo,MV,2022-05-05 18:26:09,0.5333,72.9333,83.91,74,100,12.75
229,Bon Accord,CA,2022-05-05 18:26:10,53.8335,-113.4187,65.79,44,100,6.91
230,Bangangte,CM,2022-05-05 18:27:11,5.1409,10.5198,66.29,92,90,2.44
231,Xingyi,CN,2022-05-05 18:27:11,24.1877,102.817,52.52,96,76,2.48
232,Fortuna,US,2022-05-05 18:27:12,40.5982,-124.1573,52.66,94,40,18.41
233,Yaan,NG,2022-05-05 18:27:12,7.3833,8.5667,88.65,54,92,10.76
234,Jumla,NP,2022-05-05 18:27:13,29.2747,82.1838,54.84,89,93,1.03
235,Uyemskiy,RU,2022-05-05 18:27:14,64.4743,40.8524,30.25,68,0,2.24
236,Haikou,CN,2022-05-05 18:27:15,20.0458,110.3417,73.53,100,40,0.0
237,Ixtapa,MX,2022-05-05 18:27:16,20.7,-105.2,79.83,69,0,11.5
238,Ishigaki,JP,2022-05-05 18:27:16,24.3448,124.1572,75.33,100,75,4.61
239,Mehamn,NO,2022-05-05 18:27:17,71.0357,27.8492,33.31,74,41,12.06
240,Turbat,PK,2022-05-05 18:27:17,26.0023,63.044,85.05,34,0,2.57
241,Airai,TL,2022-05-05 18:27:18,-8.9266,125.4092,59.41,93,80,3.09
242,Bonthe,SL,2022-05-05 18:25:11,7.5264,-12.505,84.16,69,81,5.46
243,Manzanillo,CU,2022-05-05 18:27:19,20.3433,-77.1167,87.46,51,3,8.43
244,Talcahuano,CL,2022-05-05 18:27:20,-36.7167,-73.1167,53.28,100,100,0.0
245,Gurlan,UZ,2022-05-05 18:27:20,41.8447,60.3919,75.11,38,30,11.86
246,Beloye,UA,2022-05-05 18:27:21,48.4952,39.0505,49.39,53,100,10.69
247,Marquette,US,2022-05-05 18:27:22,46.5333,-87.6335,64.78,43,92,4.81
248,Almenara,BR,2022-05-05 18:27:23,-16.1836,-40.6944,91.85,39,6,7.18
249,Puerto Escondido,MX,2022-05-05 18:27:23,15.85,-97.0667,85.03,70,20,6.91
250,Sept-Iles,CA,2022-05-05 18:26:19,50.2001,-66.3821,41.52,38,75,13.8
251,Norman Wells,CA,2022-05-05 18:27:24,65.282,-126.8329,35.64,75,100,14.97
252,Bambous Virieux,MU,2022-05-05 18:25:14,-20.3428,57.7575,77.25,83,75,19.57
253,Cassilandia,BR,2022-05-05 18:27:25,-19.1133,-51.7342,80.29,26,0,1.21
254,Vikhorevka,RU,2022-05-05 18:27:26,56.1201,101.1636,33.39,52,45,4.27
255,Soyo,AO,2022-05-05 18:27:26,-6.1349,12.3689,79.03,85,71,9.04
256,Seoul,KR,2022-05-05 18:23:26,37.5683,126.9778,54.84,94,0,2.3
257,Casper,US,2022-05-05 18:27:32,42.8666,-106.3131,63.72,44,20,8.05
258,Agaro,ET,2022-05-05 18:27:33,7.85,36.65,65.12,45,40,3.8
259,Prokuplje,RS,2022-05-05 18:27:35,43.2342,21.5881,67.28,69,47,2.84
260,Grand-Santi,GF,2022-05-05 18:27:35,4.25,-54.3833,84.42,78,81,2.93
261,Sisimiut,GL,2022-05-05 18:27:36,66.9395,-53.6735,29.28,58,4,4.92
262,Lasa,IT,2022-05-05 18:27:37,46.6166,10.7002,54.48,96,100,3.13
263,Anori,BR,2022-05-05 18:27:38,-3.7728,-61.6442,88.97,58,67,2.39
264,Vila Franca Do Campo,PT,2022-05-05 18:27:39,37.7167,-25.4333,64.81,74,100,13.65
265,Kerema,PG,2022-05-05 18:27:40,-7.9631,145.7785,76.95,86,97,3.36
266,Hervey Bay,AU,2022-05-05 18:27:41,-25.2986,152.8535,73.4,85,2,7.72
267,Ahipara,NZ,2022-05-05 18:27:41,-35.1667,173.1667,58.01,90,11,5.84
268,Isla Vista,US,2022-05-05 18:27:42,34.4133,-119.861,76.35,61,40,6.91
269,Passos,BR,2022-05-05 18:27:45,-20.7189,-46.6097,75.69,42,1,6.82
270,Tiksi,RU,2022-05-05 18:27:49,71.6872,128.8694,1.4,100,93,6.13
271,Victoria,HK,2022-05-05 18:26:43,22.2855,114.1577,77.18,82,28,8.01
272,Rey Bouba,CM,2022-05-05 18:27:52,8.6724,14.1786,86.74,49,92,5.93
273,Porto Walter,BR,2022-05-05 18:27:53,-8.2686,-72.7439,85.51,51,87,3.44
274,Zaton,RU,2022-05-05 18:27:54,53.2936,83.8072,51.39,20,0,6.71
275,Puerto Guzman,CO,2022-05-05 18:28:56,0.9703,-76.5858,75.02,89,99,3.89
276,Jilib,SO,2022-05-05 18:28:56,0.4883,42.7854,76.5,93,100,5.95
277,Pontes E Lacerda,BR,2022-05-05 18:28:57,-15.2261,-59.3353,79.5,30,6,5.32
278,Tirat Karmel,IL,2022-05-05 18:28:58,32.7617,34.9719,64.58,67,64,15.05
279,Duderstadt,DE,2022-05-05 18:28:59,51.5131,10.2595,60.08,75,70,5.82
280,Sinnamary,GF,2022-05-05 18:29:00,5.3833,-52.95,81.36,81,90,6.08
281,Mitsamiouli,KM,2022-05-05 18:29:01,-11.3847,43.2844,80.89,78,20,9.22
282,Kulhudhuffushi,MV,2022-05-05 18:29:02,6.6221,73.07,83.93,77,100,10.51
283,Urucara,BR,2022-05-05 18:29:03,-2.5364,-57.76,84.76,71,43,3.65
284,Milkovo,RU,2022-05-05 18:29:03,54.7167,158.6167,30.4,86,21,4.32
285,Celestun,MX,2022-05-05 18:29:05,20.8667,-90.4,90.37,56,79,3.51
286,Cabra,ES,2022-05-05 18:29:06,37.4725,-4.4421,70.59,45,0,1.59
287,Ucluelet,CA,2022-05-05 18:26:03,48.9329,-125.5528,48.51,92,100,3.0
288,Ribeira Grande,PT,2022-05-05 18:29:07,38.5167,-28.7,64.8,88,75,11.5
289,Milas,TR,2022-05-05 18:29:08,37.3164,27.7839,69.15,26,0,10.36
290,Amatitan,MX,2022-05-05 18:29:09,20.8333,-103.7167,90.34,14,5,3.78
291,San Luis,AR,2022-05-05 18:25:40,-33.295,-66.3356,75.15,21,0,6.15
292,Ossora,RU,2022-05-05 18:29:11,59.2353,163.0719,22.03,93,97,4.34
293,Narsaq,GL,2022-05-05 18:29:12,60.9167,-46.05,43.02,63,100,3.29
294,Banda Aceh,ID,2022-05-05 18:25:05,5.5577,95.3222,79.3,84,100,12.33
295,Bowmore,US,2022-05-05 18:29:12,34.9421,-79.3031,79.81,57,100,8.12
296,Terenos,BR,2022-05-05 18:29:14,-20.4422,-54.8603,71.31,52,75,8.05
297,Broome,US,2022-05-05 18:29:15,42.2506,-75.833,67.69,37,0,4.0
298,Waingapu,ID,2022-05-05 18:29:16,-9.6567,120.2641,77.54,87,48,7.34
299,Anadyr,RU,2022-05-05 18:29:16,64.75,177.4833,27.1,74,20,8.95
300,Novyy Urgal,RU,2022-05-05 18:29:17,51.0736,132.5642,37.81,98,100,7.78
301,Tigil,RU,2022-05-05 18:29:17,57.8,158.6667,26.55,92,94,5.46
302,Baykit,RU,2022-05-05 18:29:18,61.67,96.37,30.97,98,99,2.08
303,Ust-Maya,RU,2022-05-05 18:29:19,60.4167,134.5333,33.96,91,100,7.07
304,Ostrovnoy,RU,2022-05-05 18:29:20,68.0531,39.5131,17.4,89,55,8.01
305,Impfondo,CG,2022-05-05 18:29:21,1.6381,18.0667,73.51,96,100,4.34
306,Mitu,CO,2022-05-05 18:29:22,1.1983,-70.1733,76.53,90,98,3.51
307,Riviera Beach,US,2022-05-05 18:29:22,26.7753,-80.0581,92.05,64,20,11.5
308,Cherskiy,RU,2022-05-05 18:29:24,68.75,161.3,30.85,88,100,6.11
309,Lebu,CL,2022-05-05 18:29:24,-37.6167,-73.65,58.64,78,41,6.93
310,Klaksvik,FO,2022-05-05 18:29:25,62.2266,-6.589,47.32,83,100,21.56
311,Pevek,RU,2022-05-05 18:29:25,69.7008,170.3133,22.71,94,100,6.76
312,Fasa,IR,2022-05-05 18:29:26,28.9383,53.6482,79.84,19,75,11.5
313,Itarema,BR,2022-05-05 18:29:26,-2.9248,-39.9167,82.13,78,50,13.18
314,Klyuchi,RU,2022-05-05 18:29:27,52.2667,79.1667,53.62,29,97,6.71
315,Abu Samrah,SY,2022-05-05 18:29:28,35.3029,37.1841,57.83,68,0,16.28
316,Acapulco,MX,2022-05-05 18:29:29,16.8634,-99.8901,85.82,66,100,9.22
317,Penzance,GB,2022-05-05 18:29:29,50.1186,-5.5371,57.88,84,56,8.41
318,Tongliao,CN,2022-05-05 18:28:46,43.6125,122.2653,53.17,51,92,19.53
319,Tongren,CN,2022-05-05 18:29:30,27.7172,109.1853,68.72,78,94,2.06
320,Mahebourg,MU,2022-05-05 18:29:31,-20.4081,57.7,77.29,83,75,19.57
321,Nioro,GM,2022-05-05 18:29:31,13.35,-15.75,103.51,13,0,6.78
322,Hoi An,VN,2022-05-05 18:29:32,15.8794,108.335,73.36,87,100,4.32
323,Koryukivka,UA,2022-05-05 18:30:32,51.7688,32.2481,42.76,65,77,4.09
324,Kahului,US,2022-05-05 18:26:05,20.8947,-156.47,75.85,80,100,13.8
325,Vao,NC,2022-05-05 18:30:34,-22.6667,167.4833,74.97,77,5,17.76
326,Payo,ID,2022-05-05 18:30:35,-3.7508,103.6372,72.81,98,52,1.97
327,Flinders,AU,2022-05-05 18:30:36,-34.5833,150.8552,53.06,66,1,7.29
328,Port Hardy,CA,2022-05-05 18:30:37,50.6996,-127.4199,46.4,93,100,4.61
329,Menongue,AO,2022-05-05 18:29:24,-14.6585,17.691,62.06,60,6,2.55
330,Buta,CD,2022-05-05 18:30:38,2.7858,24.73,74.68,85,100,3.47
331,Trincomalee,LK,2022-05-05 18:30:38,8.5711,81.2335,80.38,83,86,8.14
332,Lata,PT,2022-05-05 18:28:00,40.1629,-8.3327,69.82,50,14,6.93
333,Beira,MZ,2022-05-05 18:30:42,-19.8436,34.8389,71.69,88,20,5.75
334,Luganville,VU,2022-05-05 18:30:42,-15.5333,167.1667,78.03,85,8,4.03
335,Moose Factory,CA,2022-05-05 18:30:43,51.2585,-80.6094,33.8,74,0,12.66
336,Newport,GB,2022-05-05 18:26:03,51.5877,-2.9984,66.07,74,94,1.99
337,Tuktoyaktuk,CA,2022-05-05 18:30:44,69.4541,-133.0374,24.8,93,100,18.41
338,Sao Joao Da Barra,BR,2022-05-05 18:30:44,-21.6403,-41.0511,77.09,80,91,4.97
339,Beringovskiy,RU,2022-05-05 18:30:45,63.05,179.3167,17.4,85,14,3.51
340,Palu,ID,2022-05-05 18:30:45,-0.8917,119.8707,76.23,95,100,2.24
341,Sao Francisco Do Sul,BR,2022-05-05 18:30:46,-26.2433,-48.6381,78.71,57,75,6.91
342,Darab,IR,2022-05-05 18:30:46,28.7519,54.5444,77.43,22,5,1.07
343,Buala,SB,2022-05-05 18:30:47,-8.145,159.5921,80.17,79,13,5.66
344,Dukhovnitskoye,RU,2022-05-05 18:30:47,52.4828,48.2137,41.92,57,0,11.81
345,Turukhansk,RU,2022-05-05 18:30:49,65.8167,87.9833,24.21,88,17,10.65
346,Timiryazevskoye,RU,2022-05-05 18:30:49,56.49,84.8769,32.95,46,3,2.01
347,Mujiayingzi,CN,2022-05-05 18:30:50,42.1167,118.7833,47.84,47,100,17.49
348,Omsukchan,RU,2022-05-05 18:30:51,62.5333,155.8,21.31,97,100,6.49
349,Manono,CD,2022-05-05 18:30:52,-7.3,27.4167,74.44,68,98,3.83
350,Batesville,US,2022-05-05 18:28:31,35.7698,-91.641,64.08,98,75,9.22
351,Ukiah,US,2022-05-05 18:30:01,39.1502,-123.2078,69.44,35,0,5.99
352,Egvekinot,RU,2022-05-05 18:30:54,66.3167,-179.1667,13.96,83,75,0.36
353,Mahibadhoo,MV,2022-05-05 18:30:54,3.7833,72.9667,82.04,77,100,9.98
354,Namibe,AO,2022-05-05 18:30:56,-15.1961,12.1522,83.03,54,0,8.05
355,Manama,BH,2022-05-05 18:30:56,26.2154,50.5832,95.18,31,0,6.91
356,Ilulissat,GL,2022-05-05 18:30:57,69.2167,-51.1,24.82,54,0,10.36
357,Coquimbo,CL,2022-05-05 18:30:57,-29.9533,-71.3436,60.53,72,75,11.5
358,Shenjiamen,CN,2022-05-05 18:30:58,29.9576,122.298,62.74,97,76,6.69
359,Soc Trang,VN,2022-05-05 18:30:59,9.6033,105.98,80.26,85,100,7.85
360,Lazurne,UA,2022-05-05 18:31:00,46.084,32.5295,57.29,59,100,15.32
361,Karpathos,GR,2022-05-05 18:31:00,35.507,27.2132,64.36,63,0,26.46
362,Marsaxlokk,MT,2022-05-05 18:31:02,35.8419,14.5431,66.07,77,0,28.77
363,Severo-Kurilsk,RU,2022-05-05 18:27:45,50.6789,156.125,33.04,89,35,9.48
364,Kattivakkam,IN,2022-05-05 18:31:03,13.2167,80.3167,87.89,88,76,8.41
365,Pallasovka,RU,2022-05-05 18:31:05,50.05,46.8833,47.37,46,100,17.11
366,Kalmunai,LK,2022-05-05 18:31:05,7.4167,81.8167,81.43,80,100,3.65
367,Englehart,CA,2022-05-05 18:32:06,47.8169,-79.8664,57.76,38,40,8.05
368,Beroroha,MG,2022-05-05 18:32:06,-21.6667,45.1667,73.53,60,0,5.37
369,Springbok,ZA,2022-05-05 18:32:07,-29.6643,17.8865,64.35,32,0,3.44
370,Popova,RU,2022-05-05 18:32:08,42.9603,131.7228,43.77,98,100,7.96
371,Henties Bay,NA,2022-05-05 18:32:11,-22.116,14.2845,69.1,55,0,7.45
372,Hami,CN,2022-05-05 18:32:12,42.8,93.45,75.88,24,91,10.36
373,Hecun,CN,2022-05-05 18:32:13,36.5333,114.1111,70.11,43,98,4.14
374,Santo Antonio De Padua,BR,2022-05-05 18:32:13,-21.5394,-42.1803,81.34,65,56,1.99
375,Labrea,BR,2022-05-05 18:32:14,-7.2586,-64.7981,82.38,79,99,1.7
376,Agirish,RU,2022-05-05 18:32:17,61.9247,63.0231,29.17,89,100,3.85
377,Carmarthen,GB,2022-05-05 18:32:18,51.8555,-4.3054,57.88,88,40,16.11
378,Mizan Teferi,ET,2022-05-05 18:32:20,6.9833,35.5833,63.03,96,3,2.46
379,Youkounkoun,GN,2022-05-05 18:32:21,12.5333,-13.1333,99.99,21,33,4.41
380,Changping,CN,2022-05-05 18:32:21,40.2186,116.2197,71.24,27,100,10.22
381,Padang,ID,2022-05-05 18:32:22,-0.9492,100.3543,75.25,89,100,4.59
382,Saravena,CO,2022-05-05 18:32:22,6.9538,-71.8752,76.66,91,100,2.35
383,North Bend,US,2022-05-05 18:30:19,43.4065,-124.2243,56.91,94,100,10.36
384,Havelock,US,2022-05-05 18:32:23,34.8791,-76.9013,72.95,86,100,13.8
385,Gushikawa,JP,2022-05-05 18:32:24,26.3544,127.8686,70.83,100,100,4.61
386,Chauk,MM,2022-05-05 18:32:26,20.8833,94.8167,87.01,50,94,1.45
387,Burnie,AU,2022-05-05 18:32:27,-41.0667,145.9167,47.95,80,100,4.45
388,Shipitsyno,RU,2022-05-05 18:32:28,61.2806,46.5208,32.13,77,96,5.41
389,Xuddur,SO,2022-05-05 18:32:29,4.1213,43.8894,76.69,75,9,11.52
390,Kibungo,RW,2022-05-05 18:32:30,-2.1597,30.5427,65.32,95,21,2.24
391,Saurimo,AO,2022-05-05 18:32:30,-9.6608,20.3916,73.38,60,100,5.14
392,Kaabong,UG,2022-05-05 18:32:31,3.4836,34.1492,68.16,65,10,8.7
393,Nakamura,JP,2022-05-05 18:32:32,32.9833,132.9333,61.57,93,100,5.32
394,Atambua,ID,2022-05-05 18:32:33,-9.1061,124.8925,72.28,88,76,4.54
395,Salinopolis,BR,2022-05-05 18:32:33,-0.6136,-47.3561,80.82,85,94,5.64
396,Panji,ID,2022-05-05 18:32:34,-7.7253,114.0995,75.09,89,18,4.59
397,Portland,US,2022-05-05 18:29:37,45.5234,-122.6762,50.74,90,100,9.22
398,San Cristobal,VE,2022-05-05 18:32:35,7.7669,-72.225,75.38,81,100,5.61
399,Moorhead,US,2022-05-05 18:32:35,46.8739,-96.7676,63.95,55,40,8.05
400,Kapit,MY,2022-05-05 18:32:36,2.0167,112.9333,74.1,99,94,0.51
401,Balkanabat,TM,2022-05-05 18:32:37,39.5108,54.3671,82.27,36,0,17.29
402,Batangafo,CF,2022-05-05 18:32:37,7.3008,18.2833,76.01,73,100,3.38
403,Shimoda,JP,2022-05-05 18:32:38,34.6667,138.95,59.11,84,100,3.02
404,Daokou,CN,2022-05-05 18:32:38,35.5639,114.5058,69.51,58,7,12.26
405,Jalu,LY,2022-05-05 18:32:41,29.0331,21.5482,77.59,21,59,9.46
406,Kambove,CD,2022-05-05 18:32:41,-10.8764,26.5969,61.52,81,9,3.76
407,Plettenberg Bay,ZA,2022-05-05 18:31:59,-34.0527,23.3716,65.52,62,24,4.68
408,Luancheng,CN,2022-05-05 18:32:42,37.8792,114.6517,68.16,42,99,2.91
409,Vallenar,CL,2022-05-05 18:32:43,-28.5708,-70.7581,76.51,34,100,5.77
410,Salamiyah,SY,2022-05-05 18:31:45,35.0113,37.0532,55.71,75,53,17.83
411,Manokwari,ID,2022-05-05 18:33:46,-0.8667,134.0833,78.73,83,97,2.28
412,Leh,IN,2022-05-05 18:33:50,34.1667,77.5833,46.74,48,20,5.57
413,Srednekolymsk,RU,2022-05-05 18:33:25,67.45,153.6833,26.37,92,100,4.47
414,Nuuk,GL,2022-05-05 18:33:53,64.1835,-51.7216,34.41,55,40,5.75
415,Jackson,US,2022-05-05 18:29:20,42.4165,-122.8345,57.45,74,100,3.44
416,Sampang,ID,2022-05-05 18:33:54,-7.1872,113.2394,80.55,80,17,1.05
417,Erdaojiang,CN,2022-05-05 18:33:55,41.7764,126.0319,56.35,38,100,13.22
418,Pringsewu,ID,2022-05-05 18:33:57,-5.3582,104.9744,73.89,97,100,0.83
419,Ciudad Bolivar,VE,2022-05-05 18:33:58,8.1222,-63.5497,91.63,44,100,11.07
420,Aklavik,CA,2022-05-05 18:33:58,68.2191,-135.0107,26.6,74,100,10.36
421,Serowe,BW,2022-05-05 18:33:59,-22.3833,26.7167,64.31,45,16,5.01
422,Udachnyy,RU,2022-05-05 18:34:00,66.4167,112.4,32.45,86,100,5.86
423,Jiuquan,CN,2022-05-05 18:34:00,39.7432,98.5174,60.78,32,53,12.21
424,Gorontalo,ID,2022-05-05 18:34:04,0.5412,123.0595,75.11,95,100,3.58
425,Porto Belo,BR,2022-05-05 18:34:05,-27.1578,-48.5531,76.78,66,16,11.25
426,Kolda,SN,2022-05-05 18:34:06,12.8833,-14.95,107.91,16,0,4.61
427,Kologriv,RU,2022-05-05 18:34:07,58.8275,44.3178,31.15,75,9,5.59
428,Tahta,EG,2022-05-05 18:34:08,26.7693,31.5021,75.13,27,0,11.83
429,Kaeo,NZ,2022-05-05 18:34:08,-35.1,173.7833,60.21,88,59,6.6
430,Wanning,CN,2022-05-05 18:34:09,18.8003,110.3967,76.37,90,94,4.09
431,Nimbahera,IN,2022-05-05 18:34:10,24.6167,74.6833,87.71,22,1,10.0
432,Sungairaya,ID,2022-05-05 18:34:10,0.7,108.9,79.05,87,100,5.39
433,Liyang,CN,2022-05-05 18:34:11,29.7057,118.2862,60.37,76,0,1.28
434,Saint-Francois,FR,2022-05-05 18:34:12,46.4154,3.9054,56.64,72,0,4.61
435,Firminy,FR,2022-05-05 18:34:12,45.3873,4.2907,54.1,71,100,6.91
436,Rorvik,NO,2022-05-05 18:34:13,64.8621,11.2373,42.91,81,75,13.8
437,Togul,RU,2022-05-05 18:34:17,53.465,85.9128,47.64,45,100,2.21
438,Kununurra,AU,2022-05-05 18:34:18,-15.7667,128.7333,80.58,28,75,10.36
439,Paracuru,BR,2022-05-05 18:34:18,-3.41,-39.0306,81.1,79,52,12.06
440,Ocos,GT,2022-05-05 18:34:19,14.5094,-92.1933,86.18,66,100,8.16
441,Karratha,AU,2022-05-05 18:34:19,-20.7377,116.8463,75.31,37,0,16.06
442,Bara,NG,2022-05-05 18:34:20,10.3744,10.7288,92.62,37,100,10.11
443,Dvinskoy,RU,2022-05-05 18:34:21,62.1535,45.1175,29.41,84,45,4.52
444,Broadstairs,GB,2022-05-05 18:34:22,51.3591,1.4394,58.19,72,60,1.01
445,Sicuani,PE,2022-05-05 18:34:23,-14.2694,-71.2261,64.06,31,61,7.23
446,La Ronge,CA,2022-05-05 18:34:23,55.1001,-105.2842,39.45,81,75,14.97
447,Nemuro,JP,2022-05-05 18:34:24,43.3236,145.575,39.76,96,15,9.28
448,Kudymkar,RU,2022-05-05 18:34:26,59.0173,54.656,29.91,75,13,7.43
449,Ban Nahin,LA,2022-05-05 18:34:27,18.2418,104.2122,73.13,68,4,3.33
450,Belmonte,BR,2022-05-05 18:34:28,-15.8631,-38.8828,82.54,74,0,10.98
451,Guasdualito,VE,2022-05-05 18:34:29,7.2424,-70.7324,73.36,100,75,3.44
452,Ortigueira,BR,2022-05-05 18:34:29,-24.2083,-50.9494,68.92,68,83,2.91
453,Portoferraio,IT,2022-05-05 18:34:30,42.8115,10.3146,62.1,87,100,5.75
454,Strezhevoy,RU,2022-05-05 18:34:31,60.7333,77.5889,39.58,91,100,8.43
455,Santiago,CL,2022-05-05 18:32:01,-33.4569,-70.6483,70.99,60,75,5.75
456,Nagorsk,RU,2022-05-05 18:33:11,59.3172,50.8078,30.18,67,7,6.71
457,La Paz,BO,2022-05-05 18:35:32,-16.5,-68.15,62.58,18,20,6.91
458,Ibotirama,BR,2022-05-05 18:35:32,-12.1853,-43.2206,94.89,26,89,0.74
459,Lodja,CD,2022-05-05 18:35:33,-3.4833,23.4333,76.89,73,100,1.77
460,Tiznit,MA,2022-05-05 18:35:33,29.5833,-9.5,69.44,42,100,5.03
461,Gondanglegi,ID,2022-05-05 18:35:34,-7.7479,112.0132,75.4,93,33,6.2
462,Praia Da Vitoria,PT,2022-05-05 18:31:46,38.7333,-27.0667,66.45,77,40,18.75
463,Salta,AR,2022-05-05 18:31:07,-24.7859,-65.4117,72.19,55,0,5.99
464,Narasannapeta,IN,2022-05-05 18:35:35,18.4167,84.05,81.0,78,32,4.97
465,Gotsu,JP,2022-05-05 18:35:36,35.0,132.2167,58.26,86,94,7.16
466,Bay Roberts,CA,2022-05-05 18:35:36,47.5999,-53.2648,47.95,81,100,7.0
467,Lerwick,GB,2022-05-05 18:35:37,60.1545,-1.1494,50.0,94,100,18.61
468,Delta Del Tigre,UY,2022-05-05 18:35:38,-34.7633,-56.3853,69.91,64,75,6.91
469,Polunochnoye,RU,2022-05-05 18:35:38,60.8697,60.4153,29.14,76,100,8.55
470,Puerto Plata,DO,2022-05-05 18:35:39,19.7934,-70.6884,91.45,74,40,13.8
471,Daugavpils,LV,2022-05-05 18:35:39,55.8833,26.5333,44.71,66,100,6.2
472,Arboletes,CO,2022-05-05 18:35:40,8.8505,-76.4269,78.55,90,100,10.87
473,Cairns,AU,2022-05-05 18:35:28,-16.9167,145.7667,73.35,91,6,5.75
474,Tadine,NC,2022-05-05 18:35:41,-21.55,167.8833,74.08,81,27,11.72
475,El Alto,PE,2022-05-05 18:35:41,-4.2714,-81.2147,78.46,64,75,18.86
476,Khorixas,NA,2022-05-05 18:35:43,-20.3667,14.9667,71.94,26,0,7.27
477,Opuwo,NA,2022-05-05 18:35:44,-18.0607,13.84,67.06,33,0,8.75
478,Barcelos,PT,2022-05-05 18:35:45,41.5388,-8.6151,75.92,68,0,4.65
479,Karema,TZ,2022-05-05 18:35:45,-6.8205,30.4389,71.33,80,66,4.32
480,Grand Baie,MU,2022-05-05 18:35:46,-20.0182,57.5802,77.47,82,14,5.99
481,Carbondale,US,2022-05-05 18:31:04,37.7273,-89.2168,62.06,89,100,9.22
482,Pochutla,MX,2022-05-05 18:35:47,15.7432,-96.4661,90.82,37,39,9.84
483,Miles City,US,2022-05-05 18:35:48,46.4083,-105.8406,70.77,37,0,10.36
484,Harrai,IN,2022-05-05 18:35:49,22.6167,79.2167,86.99,18,0,0.4
485,Fort Nelson,CA,2022-05-05 18:35:50,58.8053,-122.7002,51.39,28,75,4.61
486,Gerash,IR,2022-05-05 18:35:50,27.6652,54.1371,82.54,18,0,3.31
487,Barkly West,ZA,2022-05-05 18:35:52,-28.5354,24.5215,54.68,29,0,7.11
488,Mumford,GH,2022-05-05 18:35:52,5.2618,-0.759,81.88,81,100,8.99
489,Noumea,NC,2022-05-05 18:35:54,-22.2763,166.4572,75.0,99,48,8.57
490,Vila Velha,BR,2022-05-05 18:35:54,-20.3297,-40.2925,80.55,83,75,13.8
491,Ilhabela,BR,2022-05-05 18:35:56,-23.7781,-45.3581,73.45,73,50,11.3
492,Grindavik,IS,2022-05-05 18:35:56,63.8424,-22.4338,41.47,65,75,26.46
493,Vila,PT,2022-05-05 18:35:57,42.0304,-8.1588,61.68,71,0,3.15
494,Altamont,US,2022-05-05 18:35:58,42.2068,-121.7372,51.78,82,100,11.5
495,Carlos Chagas,BR,2022-05-05 18:35:59,-17.7031,-40.7664,92.37,37,2,10.29
496,Vyazma,RU,2022-05-05 18:36:00,55.2104,34.2951,41.54,66,100,6.24
497,Vanavara,RU,2022-05-05 18:36:00,60.34,102.2797,29.55,93,100,3.36
498,Laguna,US,2022-05-05 18:36:02,38.421,-121.4238,74.08,49,0,9.22
499,Genhe,CN,2022-05-05 18:36:02,50.7833,121.5167,35.8,38,100,6.55
500,Bergerac,FR,2022-05-05 18:37:03,44.8333,0.5,66.42,48,0,4.61
501,George Town,MY,2022-05-05 18:37:03,5.4112,100.3354,82.33,88,20,3.44
502,Bowen,AU,2022-05-05 18:37:04,-20.0167,148.2333,71.62,92,2,5.73
503,Birao,CF,2022-05-05 18:37:05,10.2849,22.7882,88.41,39,6,4.83
504,Port Macquarie,AU,2022-05-05 18:37:05,-31.4333,152.9167,61.9,88,100,8.86
505,Puerto Colombia,CO,2022-05-05 18:37:07,10.9878,-74.9547,93.29,77,100,10.09
506,Houston,US,2022-05-05 18:32:22,29.7633,-95.3633,90.23,66,75,25.32
507,Oranjestad,AW,2022-05-05 18:36:00,12.524,-70.027,87.75,62,75,20.71
508,Beloha,MG,2022-05-05 18:37:11,-25.1667,45.05,71.15,77,4,8.88
509,Pokhara,NP,2022-05-05 18:37:13,28.2333,83.9833,68.22,85,93,2.06
510,Adrar,MR,2022-05-05 18:37:15,20.5022,-10.0711,92.75,12,99,9.19
511,Maua,BR,2022-05-05 18:37:15,-23.6678,-46.4614,68.09,85,100,4.07
512,Rabat,MA,2022-05-05 18:37:16,33.9911,-6.8401,68.07,77,40,10.36
513,Pauini,BR,2022-05-05 18:37:17,-7.7136,-66.9764,84.58,60,100,3.13
514,Okha,RU,2022-05-05 18:37:18,53.5739,142.9478,32.97,98,100,9.71
515,Vestmannaeyjar,IS,2022-05-05 18:37:18,63.4427,-20.2734,42.87,61,96,25.68
516,Saint-Pierre,RE,2022-05-05 18:37:14,-21.3393,55.4781,76.68,78,0,27.63
517,Bayangol,RU,2022-05-05 18:37:19,50.6977,103.4656,28.58,62,100,2.35
518,Fershampenuaz,RU,2022-05-05 18:37:20,53.5202,59.8117,42.13,64,100,18.45
519,Prado,BR,2022-05-05 18:37:21,-17.3411,-39.2208,82.17,76,0,14.97
520,Paamiut,GL,2022-05-05 18:37:21,61.994,-49.6678,32.34,78,100,3.58
521,Muros,ES,2022-05-05 18:37:22,42.7762,-9.0603,63.16,71,5,11.61
522,Tekkali,IN,2022-05-05 18:37:23,18.6167,84.2333,80.22,74,96,3.89
523,Obo,CF,2022-05-05 18:37:23,5.3998,26.4869,71.04,86,100,3.15
524,Sadri,IN,2022-05-05 18:37:24,25.1833,73.4333,86.07,19,0,8.72
525,Bushehr,IR,2022-05-05 18:37:24,28.9684,50.8385,87.89,23,40,4.61
526,Avera,US,2022-05-05 18:37:25,33.194,-82.5271,89.55,36,4,6.15
527,Bredy,RU,2022-05-05 18:37:25,52.4153,60.3411,46.18,72,100,20.4
528,Vardo,NO,2022-05-05 18:37:26,70.3705,31.1107,35.58,69,0,18.41
529,Chapada Dos Guimaraes,BR,2022-05-05 18:37:26,-15.4606,-55.7497,71.26,32,0,3.6
530,Podosinovets,RU,2022-05-05 18:37:27,60.2776,47.0659,30.83,79,95,5.88
531,Zaranj,AF,2022-05-05 18:37:28,30.9667,61.8833,78.76,13,0,10.69
532,Ongandjera,NA,2022-05-05 18:37:28,-17.8833,15.0667,71.69,29,0,7.36
533,Vanimo,PG,2022-05-05 18:37:29,-2.6741,141.3028,77.54,90,100,3.69
534,Putatan,MY,2022-05-05 18:37:30,5.9258,116.0609,77.02,88,20,3.44
535,Hambantota,LK,2022-05-05 18:37:30,6.1241,81.1185,77.34,100,40,8.05
536,Berlevag,NO,2022-05-05 18:37:31,70.8578,29.0864,33.6,76,100,16.69
537,Yarke Pole,UA,2022-05-05 18:37:33,45.608,34.3172,53.91,88,100,10.56
538,Sola,VU,2022-05-05 18:37:33,-13.8833,167.55,81.95,72,3,6.53
539,Chiang Khong,TH,2022-05-05 18:37:34,20.2613,100.4046,69.73,97,94,1.99
540,Dingle,PH,2022-05-05 18:37:34,10.9995,122.6711,77.41,87,93,6.26
541,Conde,BR,2022-05-05 18:37:38,-7.2597,-34.9075,78.26,94,75,6.91
542,Conakry,GN,2022-05-05 18:37:39,9.538,-13.6773,82.47,72,93,7.11
543,Rock Springs,US,2022-05-05 18:37:34,41.5875,-109.2029,62.24,43,0,13.8
544,Saint Anthony,US,2022-05-05 18:37:44,45.0205,-93.218,65.25,46,75,6.91
545,Arlit,NE,2022-05-05 18:37:45,18.7369,7.3853,97.72,10,91,8.48
546,Fredericksburg,US,2022-05-05 18:37:46,38.3032,-77.4605,72.73,62,100,3.44
547,Otautau,NZ,2022-05-05 18:38:47,-46.15,168.0,51.44,92,97,3.09
548,Sorland,NO,2022-05-05 18:38:47,67.667,12.6934,40.86,75,100,31.85
549,Eirunepe,BR,2022-05-05 18:38:48,-6.6603,-69.8736,84.47,58,88,2.35
550,Rincon,US,2022-05-05 18:38:49,32.296,-81.2354,93.16,43,40,9.22
551,Cururupu,BR,2022-05-05 18:38:49,-1.8283,-44.8683,84.07,69,74,5.88
552,Staritsa,RU,2022-05-05 18:38:50,56.5075,34.9354,41.65,58,100,6.22
553,Usak,TR,2022-05-05 18:34:05,38.5,29.4167,47.5,65,0,9.22
554,Viking,CA,2022-05-05 18:38:50,53.1001,-111.7684,69.66,39,26,11.88
555,Isangel,VU,2022-05-05 18:38:52,-19.55,169.2667,73.51,88,1,4.61
